Status ID,Status Type,Status Link,Status Name,Status Created Time,Status Message,Status Shares Count,Status Likes Count,Status Comments Count,Comment ID,Comment Created Time,Comment Message,Comment From,Comment Likes Count,Reply ID,Reply Created Time,Reply Message,Reply From,Reply Likes Count
125845680811480_1260769963985707,video,https://www.facebook.com/leehsienloong/videos/1260769963985707/,<no name>,2016-11-10 21:46:06,"Toured the new Google campus at the launch of their new Asia Pacific headquarters in Singapore this morning. I‚Äôve been to their headquarters in California (bit.ly/2fnG6vC), and I think they‚Äôve managed to bring a bit of Silicon Valley to Singapore! ‚Äì LHL

(PMO Video by Alex Qiu and Chiez How)",509,6291,95,1260769963985707_1260789840650386,2016-11-10 22:00:12,"This is one big step to a digital economy, for a smart nation to stay competitive in new business model. Building and training our people with right skillset in this industry is crucial to keep our economy vibrant.",Wentian Lian (1312488892114667),14
125845680811480_1260769963985707,video,https://www.facebook.com/leehsienloong/videos/1260769963985707/,<no name>,2016-11-10 21:46:06,"Toured the new Google campus at the launch of their new Asia Pacific headquarters in Singapore this morning. I‚Äôve been to their headquarters in California (bit.ly/2fnG6vC), and I think they‚Äôve managed to bring a bit of Silicon Valley to Singapore! ‚Äì LHL

(PMO Video by Alex Qiu and Chiez How)",509,6291,95,1260769963985707_1260867957309241,2016-11-10 22:30:18,"Thanks PM Lee for coming to visit us in this big day for Google, it's been exciting and inspiring. We have come a long way in the last 10+ years and are proud to have grown in this little Red Dot!",Gil Gaeta (10157787642600441),0
125845680811480_1260752800654090,photo,https://www.facebook.com/leehsienloong/photos/a.1260752313987472.1073742374.125845680811480/1260752800654090/?type=3,Launch of Google APAC office,2016-11-10 21:28:08,"Google's APAC office in Singapore has grown from 24 employees in 2007 ‚Äì just like a startup ‚Äì to 1,000 today! Glad to launch their beautiful new Asia Pacific headquarters here this morning.

Being in Singapore, Google named the areas around their campus ‚Äòkampungs‚Äô, to encourage the kampung (village) spirit of good neighbours and collaboration.

Having the campus here is a step in our #SmartNation journey. Tech is disruptive, and we expect to be disrupted. But with partners like Google, Singapore will come up on the right side of the disruption. 

Check out my tour of the Google campus here: https://youtu.be/zBAwn8G4bkk

‚Äì LHL",416,8210,85,1260752313987472_1261082060621164,2016-11-11 00:50:24,"""...We expect to be disrupted... Singapore will come up on the right side of the disruption."" Good one Mr. Prime Minister. Good one. Your diplomacy is impeccable, your nuances succinct and fathomable. As is probably the rationale behind them. Keep taking one for team, sir. We need people like you and your government.",Warren Khong (10154267650198640),9,1260752313987472_1261534713909232,2016-11-11 10:52:52,Koh see above comment üòå (though I wonder if we are getting a bit too hard up into nitpicking as much nuances as possible that we can find ...),Eudora Chuah (10210039018265479),0
125845680811480_1260752800654090,photo,https://www.facebook.com/leehsienloong/photos/a.1260752313987472.1073742374.125845680811480/1260752800654090/?type=3,Launch of Google APAC office,2016-11-10 21:28:08,"Google's APAC office in Singapore has grown from 24 employees in 2007 ‚Äì just like a startup ‚Äì to 1,000 today! Glad to launch their beautiful new Asia Pacific headquarters here this morning.

Being in Singapore, Google named the areas around their campus ‚Äòkampungs‚Äô, to encourage the kampung (village) spirit of good neighbours and collaboration.

Having the campus here is a step in our #SmartNation journey. Tech is disruptive, and we expect to be disrupted. But with partners like Google, Singapore will come up on the right side of the disruption. 

Check out my tour of the Google campus here: https://youtu.be/zBAwn8G4bkk

‚Äì LHL",416,8210,85,1260752313987472_1260901520639218,2016-11-10 22:37:40,"hi... I wish to feedback on a not too pleasant.. but I understand the possible ""necessities"" of Google quirkiness...I was on site at their Data centre and it was like ""Lost"" episode..the security was tighter than an embassy or police station... i shall not mention military :).. and the people who I saw carrying Google passes that look like Staff Ids just nonchalantly say they are visiting a friend...it's like me visiting a utopian island of ""weird""?... or somehow another type of personalities...i just feel it a bit out of this world... I think...never mind...you Google folks...all around the world :)",Saufian Aziz (350831045269411),1
125845680811480_1260752800654090,photo,https://www.facebook.com/leehsienloong/photos/a.1260752313987472.1073742374.125845680811480/1260752800654090/?type=3,Launch of Google APAC office,2016-11-10 21:28:08,"Google's APAC office in Singapore has grown from 24 employees in 2007 ‚Äì just like a startup ‚Äì to 1,000 today! Glad to launch their beautiful new Asia Pacific headquarters here this morning.

Being in Singapore, Google named the areas around their campus ‚Äòkampungs‚Äô, to encourage the kampung (village) spirit of good neighbours and collaboration.

Having the campus here is a step in our #SmartNation journey. Tech is disruptive, and we expect to be disrupted. But with partners like Google, Singapore will come up on the right side of the disruption. 

Check out my tour of the Google campus here: https://youtu.be/zBAwn8G4bkk

‚Äì LHL",416,8210,85,1260752313987472_1260935580635812,2016-11-10 22:42:55,So happy Google has grown and congratulations on their new Asia Pacific Headquarters! Looks gorgeous! üëèüëèüåπ,Susan Tan (1765299427077940),2
125845680811480_1260752800654090,photo,https://www.facebook.com/leehsienloong/photos/a.1260752313987472.1073742374.125845680811480/1260752800654090/?type=3,Launch of Google APAC office,2016-11-10 21:28:08,"Google's APAC office in Singapore has grown from 24 employees in 2007 ‚Äì just like a startup ‚Äì to 1,000 today! Glad to launch their beautiful new Asia Pacific headquarters here this morning.

Being in Singapore, Google named the areas around their campus ‚Äòkampungs‚Äô, to encourage the kampung (village) spirit of good neighbours and collaboration.

Having the campus here is a step in our #SmartNation journey. Tech is disruptive, and we expect to be disrupted. But with partners like Google, Singapore will come up on the right side of the disruption. 

Check out my tour of the Google campus here: https://youtu.be/zBAwn8G4bkk

‚Äì LHL",416,8210,85,1260752313987472_1261028327293204,2016-11-10 23:38:44,"Lor because the headoffice in Singapore so google APAC don't want pay tax in Indonesia, the Finance Minister has tell google everytime but he always don't want to pay tax in Indo",Muhammad Hafizh (10207361951039297),1
125845680811480_1260752800654090,photo,https://www.facebook.com/leehsienloong/photos/a.1260752313987472.1073742374.125845680811480/1260752800654090/?type=3,Launch of Google APAC office,2016-11-10 21:28:08,"Google's APAC office in Singapore has grown from 24 employees in 2007 ‚Äì just like a startup ‚Äì to 1,000 today! Glad to launch their beautiful new Asia Pacific headquarters here this morning.

Being in Singapore, Google named the areas around their campus ‚Äòkampungs‚Äô, to encourage the kampung (village) spirit of good neighbours and collaboration.

Having the campus here is a step in our #SmartNation journey. Tech is disruptive, and we expect to be disrupted. But with partners like Google, Singapore will come up on the right side of the disruption. 

Check out my tour of the Google campus here: https://youtu.be/zBAwn8G4bkk

‚Äì LHL",416,8210,85,1260752313987472_1261492720580098,2016-11-11 09:26:49,I suggest our CCs to start short courses especially for the older folks teaching them how to Google. This would be useful especially when 2G is eradicated next year.,Jen Lim C H (10210360804353159),0
125845680811480_1260752800654090,photo,https://www.facebook.com/leehsienloong/photos/a.1260752313987472.1073742374.125845680811480/1260752800654090/?type=3,Launch of Google APAC office,2016-11-10 21:28:08,"Google's APAC office in Singapore has grown from 24 employees in 2007 ‚Äì just like a startup ‚Äì to 1,000 today! Glad to launch their beautiful new Asia Pacific headquarters here this morning.

Being in Singapore, Google named the areas around their campus ‚Äòkampungs‚Äô, to encourage the kampung (village) spirit of good neighbours and collaboration.

Having the campus here is a step in our #SmartNation journey. Tech is disruptive, and we expect to be disrupted. But with partners like Google, Singapore will come up on the right side of the disruption. 

Check out my tour of the Google campus here: https://youtu.be/zBAwn8G4bkk

‚Äì LHL",416,8210,85,1260752313987472_1261002717295765,2016-11-10 23:07:04,Hope you got to meet the legend that is Richard Mayo-Smith,Ben Roberts (10157671591600247),3
125845680811480_1260752800654090,photo,https://www.facebook.com/leehsienloong/photos/a.1260752313987472.1073742374.125845680811480/1260752800654090/?type=3,Launch of Google APAC office,2016-11-10 21:28:08,"Google's APAC office in Singapore has grown from 24 employees in 2007 ‚Äì just like a startup ‚Äì to 1,000 today! Glad to launch their beautiful new Asia Pacific headquarters here this morning.

Being in Singapore, Google named the areas around their campus ‚Äòkampungs‚Äô, to encourage the kampung (village) spirit of good neighbours and collaboration.

Having the campus here is a step in our #SmartNation journey. Tech is disruptive, and we expect to be disrupted. But with partners like Google, Singapore will come up on the right side of the disruption. 

Check out my tour of the Google campus here: https://youtu.be/zBAwn8G4bkk

‚Äì LHL",416,8210,85,1260752313987472_1261112120618158,2016-11-11 01:34:14,I thanked GOD for GOOGLE - many questions were answered by clicking on the big G icon.  Yay! !,Jen Lim C H (10210360804353159),1
125845680811480_1260752800654090,photo,https://www.facebook.com/leehsienloong/photos/a.1260752313987472.1073742374.125845680811480/1260752800654090/?type=3,Launch of Google APAC office,2016-11-10 21:28:08,"Google's APAC office in Singapore has grown from 24 employees in 2007 ‚Äì just like a startup ‚Äì to 1,000 today! Glad to launch their beautiful new Asia Pacific headquarters here this morning.

Being in Singapore, Google named the areas around their campus ‚Äòkampungs‚Äô, to encourage the kampung (village) spirit of good neighbours and collaboration.

Having the campus here is a step in our #SmartNation journey. Tech is disruptive, and we expect to be disrupted. But with partners like Google, Singapore will come up on the right side of the disruption. 

Check out my tour of the Google campus here: https://youtu.be/zBAwn8G4bkk

‚Äì LHL",416,8210,85,1260752313987472_1261469847249052,2016-11-11 08:43:05,That is wonderful sir! APAC HQ in SG is a growth sign of increase job oppurtunities .,Prasanna Subramanian (10154709430878829),1
125845680811480_1260752800654090,photo,https://www.facebook.com/leehsienloong/photos/a.1260752313987472.1073742374.125845680811480/1260752800654090/?type=3,Launch of Google APAC office,2016-11-10 21:28:08,"Google's APAC office in Singapore has grown from 24 employees in 2007 ‚Äì just like a startup ‚Äì to 1,000 today! Glad to launch their beautiful new Asia Pacific headquarters here this morning.

Being in Singapore, Google named the areas around their campus ‚Äòkampungs‚Äô, to encourage the kampung (village) spirit of good neighbours and collaboration.

Having the campus here is a step in our #SmartNation journey. Tech is disruptive, and we expect to be disrupted. But with partners like Google, Singapore will come up on the right side of the disruption. 

Check out my tour of the Google campus here: https://youtu.be/zBAwn8G4bkk

‚Äì LHL",416,8210,85,1260752313987472_1261005497295487,2016-11-10 23:09:09,"Congrats Google Singapore. Our office is also in Mapletree Business City, 2 minutes from Google office. We could've come down to ask for selfie session with you Sir if we knew you were around :)",Ghazali Muhammad (10211416677442842),1
125845680811480_1260752800654090,photo,https://www.facebook.com/leehsienloong/photos/a.1260752313987472.1073742374.125845680811480/1260752800654090/?type=3,Launch of Google APAC office,2016-11-10 21:28:08,"Google's APAC office in Singapore has grown from 24 employees in 2007 ‚Äì just like a startup ‚Äì to 1,000 today! Glad to launch their beautiful new Asia Pacific headquarters here this morning.

Being in Singapore, Google named the areas around their campus ‚Äòkampungs‚Äô, to encourage the kampung (village) spirit of good neighbours and collaboration.

Having the campus here is a step in our #SmartNation journey. Tech is disruptive, and we expect to be disrupted. But with partners like Google, Singapore will come up on the right side of the disruption. 

Check out my tour of the Google campus here: https://youtu.be/zBAwn8G4bkk

‚Äì LHL",416,8210,85,1260752313987472_1261543977241639,2016-11-11 11:15:39,Congratulations to Google is a wonderful idea sure be gorgeous.,Kum Yuen Ho (367839340226430),0
125845680811480_1260752800654090,photo,https://www.facebook.com/leehsienloong/photos/a.1260752313987472.1073742374.125845680811480/1260752800654090/?type=3,Launch of Google APAC office,2016-11-10 21:28:08,"Google's APAC office in Singapore has grown from 24 employees in 2007 ‚Äì just like a startup ‚Äì to 1,000 today! Glad to launch their beautiful new Asia Pacific headquarters here this morning.

Being in Singapore, Google named the areas around their campus ‚Äòkampungs‚Äô, to encourage the kampung (village) spirit of good neighbours and collaboration.

Having the campus here is a step in our #SmartNation journey. Tech is disruptive, and we expect to be disrupted. But with partners like Google, Singapore will come up on the right side of the disruption. 

Check out my tour of the Google campus here: https://youtu.be/zBAwn8G4bkk

‚Äì LHL",416,8210,85,1260752313987472_1261163777279659,2016-11-11 02:51:17,"Thank you Sir , creation of jobs is very crucial n this is why Trump said we took their jobs . Thank you .",Debbie Chan (10211295325446661),0
125845680811480_1260752800654090,photo,https://www.facebook.com/leehsienloong/photos/a.1260752313987472.1073742374.125845680811480/1260752800654090/?type=3,Launch of Google APAC office,2016-11-10 21:28:08,"Google's APAC office in Singapore has grown from 24 employees in 2007 ‚Äì just like a startup ‚Äì to 1,000 today! Glad to launch their beautiful new Asia Pacific headquarters here this morning.

Being in Singapore, Google named the areas around their campus ‚Äòkampungs‚Äô, to encourage the kampung (village) spirit of good neighbours and collaboration.

Having the campus here is a step in our #SmartNation journey. Tech is disruptive, and we expect to be disrupted. But with partners like Google, Singapore will come up on the right side of the disruption. 

Check out my tour of the Google campus here: https://youtu.be/zBAwn8G4bkk

‚Äì LHL",416,8210,85,1260752313987472_1261043060625064,2016-11-10 23:54:53,"Wow ! In this new world age , there's a seen of great increase in goggling .
Thank you PM Mr Lee for sharing abt the goggle centre",Adeline SH Chua (801979723275729),0
125845680811480_1260752800654090,photo,https://www.facebook.com/leehsienloong/photos/a.1260752313987472.1073742374.125845680811480/1260752800654090/?type=3,Launch of Google APAC office,2016-11-10 21:28:08,"Google's APAC office in Singapore has grown from 24 employees in 2007 ‚Äì just like a startup ‚Äì to 1,000 today! Glad to launch their beautiful new Asia Pacific headquarters here this morning.

Being in Singapore, Google named the areas around their campus ‚Äòkampungs‚Äô, to encourage the kampung (village) spirit of good neighbours and collaboration.

Having the campus here is a step in our #SmartNation journey. Tech is disruptive, and we expect to be disrupted. But with partners like Google, Singapore will come up on the right side of the disruption. 

Check out my tour of the Google campus here: https://youtu.be/zBAwn8G4bkk

‚Äì LHL",416,8210,85,1260752313987472_1261299373932766,2016-11-11 05:58:43,"Just fascinating , it creates a total different ambience for working !",Thum Soon Yin (10208092271690676),0
125845680811480_1260752800654090,photo,https://www.facebook.com/leehsienloong/photos/a.1260752313987472.1073742374.125845680811480/1260752800654090/?type=3,Launch of Google APAC office,2016-11-10 21:28:08,"Google's APAC office in Singapore has grown from 24 employees in 2007 ‚Äì just like a startup ‚Äì to 1,000 today! Glad to launch their beautiful new Asia Pacific headquarters here this morning.

Being in Singapore, Google named the areas around their campus ‚Äòkampungs‚Äô, to encourage the kampung (village) spirit of good neighbours and collaboration.

Having the campus here is a step in our #SmartNation journey. Tech is disruptive, and we expect to be disrupted. But with partners like Google, Singapore will come up on the right side of the disruption. 

Check out my tour of the Google campus here: https://youtu.be/zBAwn8G4bkk

‚Äì LHL",416,8210,85,1260752313987472_1261496663913037,2016-11-11 09:32:44,Wah... Look like so fun.. if i could experience like our PM it would be so so Awesome.,Noorol Huda Abbas (10208092271850680),0
125845680811480_1260752800654090,photo,https://www.facebook.com/leehsienloong/photos/a.1260752313987472.1073742374.125845680811480/1260752800654090/?type=3,Launch of Google APAC office,2016-11-10 21:28:08,"Google's APAC office in Singapore has grown from 24 employees in 2007 ‚Äì just like a startup ‚Äì to 1,000 today! Glad to launch their beautiful new Asia Pacific headquarters here this morning.

Being in Singapore, Google named the areas around their campus ‚Äòkampungs‚Äô, to encourage the kampung (village) spirit of good neighbours and collaboration.

Having the campus here is a step in our #SmartNation journey. Tech is disruptive, and we expect to be disrupted. But with partners like Google, Singapore will come up on the right side of the disruption. 

Check out my tour of the Google campus here: https://youtu.be/zBAwn8G4bkk

‚Äì LHL",416,8210,85,1260752313987472_1261322357263801,2016-11-11 06:41:20,Congratulations to Google for the grand opening of the new office at MBC II,Lim Chin Khee (1292009810830815),0
125845680811480_1260752800654090,photo,https://www.facebook.com/leehsienloong/photos/a.1260752313987472.1073742374.125845680811480/1260752800654090/?type=3,Launch of Google APAC office,2016-11-10 21:28:08,"Google's APAC office in Singapore has grown from 24 employees in 2007 ‚Äì just like a startup ‚Äì to 1,000 today! Glad to launch their beautiful new Asia Pacific headquarters here this morning.

Being in Singapore, Google named the areas around their campus ‚Äòkampungs‚Äô, to encourage the kampung (village) spirit of good neighbours and collaboration.

Having the campus here is a step in our #SmartNation journey. Tech is disruptive, and we expect to be disrupted. But with partners like Google, Singapore will come up on the right side of the disruption. 

Check out my tour of the Google campus here: https://youtu.be/zBAwn8G4bkk

‚Äì LHL",416,8210,85,1260752313987472_1260774710651899,2016-11-10 21:51:15,"Mr lee jumlah penduduk indonesia??200juta lebih..
Tidak perlu saya jelaskan dan terangkan potensi nya?",Myshel Lae Potabuga (170800406716835),0
125845680811480_1260752800654090,photo,https://www.facebook.com/leehsienloong/photos/a.1260752313987472.1073742374.125845680811480/1260752800654090/?type=3,Launch of Google APAC office,2016-11-10 21:28:08,"Google's APAC office in Singapore has grown from 24 employees in 2007 ‚Äì just like a startup ‚Äì to 1,000 today! Glad to launch their beautiful new Asia Pacific headquarters here this morning.

Being in Singapore, Google named the areas around their campus ‚Äòkampungs‚Äô, to encourage the kampung (village) spirit of good neighbours and collaboration.

Having the campus here is a step in our #SmartNation journey. Tech is disruptive, and we expect to be disrupted. But with partners like Google, Singapore will come up on the right side of the disruption. 

Check out my tour of the Google campus here: https://youtu.be/zBAwn8G4bkk

‚Äì LHL",416,8210,85,1260752313987472_1260779437318093,2016-11-10 21:53:33,Dlm jangka 5 atau 10tahun jumlah penduduk indonesia?akan lebih dari 1 miliar..,Myshel Lae Potabuga (170800406716835),0
125845680811480_1260752800654090,photo,https://www.facebook.com/leehsienloong/photos/a.1260752313987472.1073742374.125845680811480/1260752800654090/?type=3,Launch of Google APAC office,2016-11-10 21:28:08,"Google's APAC office in Singapore has grown from 24 employees in 2007 ‚Äì just like a startup ‚Äì to 1,000 today! Glad to launch their beautiful new Asia Pacific headquarters here this morning.

Being in Singapore, Google named the areas around their campus ‚Äòkampungs‚Äô, to encourage the kampung (village) spirit of good neighbours and collaboration.

Having the campus here is a step in our #SmartNation journey. Tech is disruptive, and we expect to be disrupted. But with partners like Google, Singapore will come up on the right side of the disruption. 

Check out my tour of the Google campus here: https://youtu.be/zBAwn8G4bkk

‚Äì LHL",416,8210,85,1260752313987472_1260758833986820,2016-11-10 21:29:58,Well done Google and Singapore üá∏üá¨üëç,Amit Agarwal (1318080991558705),5
125845680811480_1260752800654090,photo,https://www.facebook.com/leehsienloong/photos/a.1260752313987472.1073742374.125845680811480/1260752800654090/?type=3,Launch of Google APAC office,2016-11-10 21:28:08,"Google's APAC office in Singapore has grown from 24 employees in 2007 ‚Äì just like a startup ‚Äì to 1,000 today! Glad to launch their beautiful new Asia Pacific headquarters here this morning.

Being in Singapore, Google named the areas around their campus ‚Äòkampungs‚Äô, to encourage the kampung (village) spirit of good neighbours and collaboration.

Having the campus here is a step in our #SmartNation journey. Tech is disruptive, and we expect to be disrupted. But with partners like Google, Singapore will come up on the right side of the disruption. 

Check out my tour of the Google campus here: https://youtu.be/zBAwn8G4bkk

‚Äì LHL",416,8210,85,1260752313987472_1260759890653381,2016-11-10 21:32:07,Dear Mr Lee. Thank you for sharing. Very nice. Noted with thanks.,Jeffery Han (1811821989095163),4
125845680811480_1260752800654090,photo,https://www.facebook.com/leehsienloong/photos/a.1260752313987472.1073742374.125845680811480/1260752800654090/?type=3,Launch of Google APAC office,2016-11-10 21:28:08,"Google's APAC office in Singapore has grown from 24 employees in 2007 ‚Äì just like a startup ‚Äì to 1,000 today! Glad to launch their beautiful new Asia Pacific headquarters here this morning.

Being in Singapore, Google named the areas around their campus ‚Äòkampungs‚Äô, to encourage the kampung (village) spirit of good neighbours and collaboration.

Having the campus here is a step in our #SmartNation journey. Tech is disruptive, and we expect to be disrupted. But with partners like Google, Singapore will come up on the right side of the disruption. 

Check out my tour of the Google campus here: https://youtu.be/zBAwn8G4bkk

‚Äì LHL",416,8210,85,1260752313987472_1260758423986861,2016-11-10 21:29:15,,Kyaw Myint Oo (194087807711587),2
125845680811480_1260752800654090,photo,https://www.facebook.com/leehsienloong/photos/a.1260752313987472.1073742374.125845680811480/1260752800654090/?type=3,Launch of Google APAC office,2016-11-10 21:28:08,"Google's APAC office in Singapore has grown from 24 employees in 2007 ‚Äì just like a startup ‚Äì to 1,000 today! Glad to launch their beautiful new Asia Pacific headquarters here this morning.

Being in Singapore, Google named the areas around their campus ‚Äòkampungs‚Äô, to encourage the kampung (village) spirit of good neighbours and collaboration.

Having the campus here is a step in our #SmartNation journey. Tech is disruptive, and we expect to be disrupted. But with partners like Google, Singapore will come up on the right side of the disruption. 

Check out my tour of the Google campus here: https://youtu.be/zBAwn8G4bkk

‚Äì LHL",416,8210,85,1260752313987472_1260770113985692,2016-11-10 21:43:53,Wish you all the Success Sir ....üëç,Chiky Razz (1403525669665298),2
125845680811480_1260752800654090,photo,https://www.facebook.com/leehsienloong/photos/a.1260752313987472.1073742374.125845680811480/1260752800654090/?type=3,Launch of Google APAC office,2016-11-10 21:28:08,"Google's APAC office in Singapore has grown from 24 employees in 2007 ‚Äì just like a startup ‚Äì to 1,000 today! Glad to launch their beautiful new Asia Pacific headquarters here this morning.

Being in Singapore, Google named the areas around their campus ‚Äòkampungs‚Äô, to encourage the kampung (village) spirit of good neighbours and collaboration.

Having the campus here is a step in our #SmartNation journey. Tech is disruptive, and we expect to be disrupted. But with partners like Google, Singapore will come up on the right side of the disruption. 

Check out my tour of the Google campus here: https://youtu.be/zBAwn8G4bkk

‚Äì LHL",416,8210,85,1260752313987472_1260868900642480,2016-11-10 22:30:36,,Sg Angel (1582240578468291),1
125845680811480_1260752800654090,photo,https://www.facebook.com/leehsienloong/photos/a.1260752313987472.1073742374.125845680811480/1260752800654090/?type=3,Launch of Google APAC office,2016-11-10 21:28:08,"Google's APAC office in Singapore has grown from 24 employees in 2007 ‚Äì just like a startup ‚Äì to 1,000 today! Glad to launch their beautiful new Asia Pacific headquarters here this morning.

Being in Singapore, Google named the areas around their campus ‚Äòkampungs‚Äô, to encourage the kampung (village) spirit of good neighbours and collaboration.

Having the campus here is a step in our #SmartNation journey. Tech is disruptive, and we expect to be disrupted. But with partners like Google, Singapore will come up on the right side of the disruption. 

Check out my tour of the Google campus here: https://youtu.be/zBAwn8G4bkk

‚Äì LHL",416,8210,85,1260752313987472_1261022037293833,2016-11-10 23:29:40,Let there be a Singapore Valley from now on.,Jenny Lim SL (10209030868701744),1,1260752313987472_1261292997266737,2016-11-11 05:45:26,We start with River Valley Road n Valley Road.....,Moemonov Alang (10205951227098964),1
125845680811480_1260752800654090,photo,https://www.facebook.com/leehsienloong/photos/a.1260752313987472.1073742374.125845680811480/1260752800654090/?type=3,Launch of Google APAC office,2016-11-10 21:28:08,"Google's APAC office in Singapore has grown from 24 employees in 2007 ‚Äì just like a startup ‚Äì to 1,000 today! Glad to launch their beautiful new Asia Pacific headquarters here this morning.

Being in Singapore, Google named the areas around their campus ‚Äòkampungs‚Äô, to encourage the kampung (village) spirit of good neighbours and collaboration.

Having the campus here is a step in our #SmartNation journey. Tech is disruptive, and we expect to be disrupted. But with partners like Google, Singapore will come up on the right side of the disruption. 

Check out my tour of the Google campus here: https://youtu.be/zBAwn8G4bkk

‚Äì LHL",416,8210,85,1260752313987472_1260827047313332,2016-11-10 22:15:58,Our #kenyon is proud contractor of this building.,Mohammed Nasir Fahim (1254086254655588),1
125845680811480_1260752800654090,photo,https://www.facebook.com/leehsienloong/photos/a.1260752313987472.1073742374.125845680811480/1260752800654090/?type=3,Launch of Google APAC office,2016-11-10 21:28:08,"Google's APAC office in Singapore has grown from 24 employees in 2007 ‚Äì just like a startup ‚Äì to 1,000 today! Glad to launch their beautiful new Asia Pacific headquarters here this morning.

Being in Singapore, Google named the areas around their campus ‚Äòkampungs‚Äô, to encourage the kampung (village) spirit of good neighbours and collaboration.

Having the campus here is a step in our #SmartNation journey. Tech is disruptive, and we expect to be disrupted. But with partners like Google, Singapore will come up on the right side of the disruption. 

Check out my tour of the Google campus here: https://youtu.be/zBAwn8G4bkk

‚Äì LHL",416,8210,85,1260752313987472_1260772653985438,2016-11-10 21:48:15,Love ‚ù§Ô∏è üëçüëçüëç,Arlene Ang (10154542957825734),1
125845680811480_1260752800654090,photo,https://www.facebook.com/leehsienloong/photos/a.1260752313987472.1073742374.125845680811480/1260752800654090/?type=3,Launch of Google APAC office,2016-11-10 21:28:08,"Google's APAC office in Singapore has grown from 24 employees in 2007 ‚Äì just like a startup ‚Äì to 1,000 today! Glad to launch their beautiful new Asia Pacific headquarters here this morning.

Being in Singapore, Google named the areas around their campus ‚Äòkampungs‚Äô, to encourage the kampung (village) spirit of good neighbours and collaboration.

Having the campus here is a step in our #SmartNation journey. Tech is disruptive, and we expect to be disrupted. But with partners like Google, Singapore will come up on the right side of the disruption. 

Check out my tour of the Google campus here: https://youtu.be/zBAwn8G4bkk

‚Äì LHL",416,8210,85,1260752313987472_1260767790652591,2016-11-10 21:41:19,So encouraging to watch,Jack Yee Tan (10154996264148455),1
125845680811480_1260752800654090,photo,https://www.facebook.com/leehsienloong/photos/a.1260752313987472.1073742374.125845680811480/1260752800654090/?type=3,Launch of Google APAC office,2016-11-10 21:28:08,"Google's APAC office in Singapore has grown from 24 employees in 2007 ‚Äì just like a startup ‚Äì to 1,000 today! Glad to launch their beautiful new Asia Pacific headquarters here this morning.

Being in Singapore, Google named the areas around their campus ‚Äòkampungs‚Äô, to encourage the kampung (village) spirit of good neighbours and collaboration.

Having the campus here is a step in our #SmartNation journey. Tech is disruptive, and we expect to be disrupted. But with partners like Google, Singapore will come up on the right side of the disruption. 

Check out my tour of the Google campus here: https://youtu.be/zBAwn8G4bkk

‚Äì LHL",416,8210,85,1260752313987472_1261068763955827,2016-11-11 00:29:12,,Mok Melody (1808388819379372),0
125845680811480_1260752800654090,photo,https://www.facebook.com/leehsienloong/photos/a.1260752313987472.1073742374.125845680811480/1260752800654090/?type=3,Launch of Google APAC office,2016-11-10 21:28:08,"Google's APAC office in Singapore has grown from 24 employees in 2007 ‚Äì just like a startup ‚Äì to 1,000 today! Glad to launch their beautiful new Asia Pacific headquarters here this morning.

Being in Singapore, Google named the areas around their campus ‚Äòkampungs‚Äô, to encourage the kampung (village) spirit of good neighbours and collaboration.

Having the campus here is a step in our #SmartNation journey. Tech is disruptive, and we expect to be disrupted. But with partners like Google, Singapore will come up on the right side of the disruption. 

Check out my tour of the Google campus here: https://youtu.be/zBAwn8G4bkk

‚Äì LHL",416,8210,85,1260752313987472_1261068807289156,2016-11-11 00:29:16,,Mok Melody (1808388819379372),0
125845680811480_1260752800654090,photo,https://www.facebook.com/leehsienloong/photos/a.1260752313987472.1073742374.125845680811480/1260752800654090/?type=3,Launch of Google APAC office,2016-11-10 21:28:08,"Google's APAC office in Singapore has grown from 24 employees in 2007 ‚Äì just like a startup ‚Äì to 1,000 today! Glad to launch their beautiful new Asia Pacific headquarters here this morning.

Being in Singapore, Google named the areas around their campus ‚Äòkampungs‚Äô, to encourage the kampung (village) spirit of good neighbours and collaboration.

Having the campus here is a step in our #SmartNation journey. Tech is disruptive, and we expect to be disrupted. But with partners like Google, Singapore will come up on the right side of the disruption. 

Check out my tour of the Google campus here: https://youtu.be/zBAwn8G4bkk

‚Äì LHL",416,8210,85,1260752313987472_1260761853986518,2016-11-10 21:34:46,,H·∫£i Nam (1306359942717193),0
125845680811480_1260752800654090,photo,https://www.facebook.com/leehsienloong/photos/a.1260752313987472.1073742374.125845680811480/1260752800654090/?type=3,Launch of Google APAC office,2016-11-10 21:28:08,"Google's APAC office in Singapore has grown from 24 employees in 2007 ‚Äì just like a startup ‚Äì to 1,000 today! Glad to launch their beautiful new Asia Pacific headquarters here this morning.

Being in Singapore, Google named the areas around their campus ‚Äòkampungs‚Äô, to encourage the kampung (village) spirit of good neighbours and collaboration.

Having the campus here is a step in our #SmartNation journey. Tech is disruptive, and we expect to be disrupted. But with partners like Google, Singapore will come up on the right side of the disruption. 

Check out my tour of the Google campus here: https://youtu.be/zBAwn8G4bkk

‚Äì LHL",416,8210,85,1260752313987472_1261299363932767,2016-11-11 05:58:42,,Thum Soon Yin (10208092271690676),0
125845680811480_1260752800654090,photo,https://www.facebook.com/leehsienloong/photos/a.1260752313987472.1073742374.125845680811480/1260752800654090/?type=3,Launch of Google APAC office,2016-11-10 21:28:08,"Google's APAC office in Singapore has grown from 24 employees in 2007 ‚Äì just like a startup ‚Äì to 1,000 today! Glad to launch their beautiful new Asia Pacific headquarters here this morning.

Being in Singapore, Google named the areas around their campus ‚Äòkampungs‚Äô, to encourage the kampung (village) spirit of good neighbours and collaboration.

Having the campus here is a step in our #SmartNation journey. Tech is disruptive, and we expect to be disrupted. But with partners like Google, Singapore will come up on the right side of the disruption. 

Check out my tour of the Google campus here: https://youtu.be/zBAwn8G4bkk

‚Äì LHL",416,8210,85,1260752313987472_1261020730627297,2016-11-10 23:28:25,,Guns Roses (119598885187148),0
125845680811480_1260752800654090,photo,https://www.facebook.com/leehsienloong/photos/a.1260752313987472.1073742374.125845680811480/1260752800654090/?type=3,Launch of Google APAC office,2016-11-10 21:28:08,"Google's APAC office in Singapore has grown from 24 employees in 2007 ‚Äì just like a startup ‚Äì to 1,000 today! Glad to launch their beautiful new Asia Pacific headquarters here this morning.

Being in Singapore, Google named the areas around their campus ‚Äòkampungs‚Äô, to encourage the kampung (village) spirit of good neighbours and collaboration.

Having the campus here is a step in our #SmartNation journey. Tech is disruptive, and we expect to be disrupted. But with partners like Google, Singapore will come up on the right side of the disruption. 

Check out my tour of the Google campus here: https://youtu.be/zBAwn8G4bkk

‚Äì LHL",416,8210,85,1260752313987472_1261124357283601,2016-11-11 01:53:25,,Khong Yong Lee (217966935297544),0
125845680811480_1260752800654090,photo,https://www.facebook.com/leehsienloong/photos/a.1260752313987472.1073742374.125845680811480/1260752800654090/?type=3,Launch of Google APAC office,2016-11-10 21:28:08,"Google's APAC office in Singapore has grown from 24 employees in 2007 ‚Äì just like a startup ‚Äì to 1,000 today! Glad to launch their beautiful new Asia Pacific headquarters here this morning.

Being in Singapore, Google named the areas around their campus ‚Äòkampungs‚Äô, to encourage the kampung (village) spirit of good neighbours and collaboration.

Having the campus here is a step in our #SmartNation journey. Tech is disruptive, and we expect to be disrupted. But with partners like Google, Singapore will come up on the right side of the disruption. 

Check out my tour of the Google campus here: https://youtu.be/zBAwn8G4bkk

‚Äì LHL",416,8210,85,1260752313987472_1261093073953396,2016-11-11 01:09:13,Congratulations Google on your new office! I ‚ù§ Google‚ù£‚ù£,Donn Chin (1320377944671543),0
125845680811480_1260752800654090,photo,https://www.facebook.com/leehsienloong/photos/a.1260752313987472.1073742374.125845680811480/1260752800654090/?type=3,Launch of Google APAC office,2016-11-10 21:28:08,"Google's APAC office in Singapore has grown from 24 employees in 2007 ‚Äì just like a startup ‚Äì to 1,000 today! Glad to launch their beautiful new Asia Pacific headquarters here this morning.

Being in Singapore, Google named the areas around their campus ‚Äòkampungs‚Äô, to encourage the kampung (village) spirit of good neighbours and collaboration.

Having the campus here is a step in our #SmartNation journey. Tech is disruptive, and we expect to be disrupted. But with partners like Google, Singapore will come up on the right side of the disruption. 

Check out my tour of the Google campus here: https://youtu.be/zBAwn8G4bkk

‚Äì LHL",416,8210,85,1260752313987472_1260770527318984,2016-11-10 21:44:46,,Simonng Pohheng (579500308905711),0
125845680811480_1260752800654090,photo,https://www.facebook.com/leehsienloong/photos/a.1260752313987472.1073742374.125845680811480/1260752800654090/?type=3,Launch of Google APAC office,2016-11-10 21:28:08,"Google's APAC office in Singapore has grown from 24 employees in 2007 ‚Äì just like a startup ‚Äì to 1,000 today! Glad to launch their beautiful new Asia Pacific headquarters here this morning.

Being in Singapore, Google named the areas around their campus ‚Äòkampungs‚Äô, to encourage the kampung (village) spirit of good neighbours and collaboration.

Having the campus here is a step in our #SmartNation journey. Tech is disruptive, and we expect to be disrupted. But with partners like Google, Singapore will come up on the right side of the disruption. 

Check out my tour of the Google campus here: https://youtu.be/zBAwn8G4bkk

‚Äì LHL",416,8210,85,1260752313987472_1261024507293586,2016-11-10 23:33:09,Lovely :),ÂøóÂÖ∂Âçì (1181658545255168),0
125845680811480_1260752800654090,photo,https://www.facebook.com/leehsienloong/photos/a.1260752313987472.1073742374.125845680811480/1260752800654090/?type=3,Launch of Google APAC office,2016-11-10 21:28:08,"Google's APAC office in Singapore has grown from 24 employees in 2007 ‚Äì just like a startup ‚Äì to 1,000 today! Glad to launch their beautiful new Asia Pacific headquarters here this morning.

Being in Singapore, Google named the areas around their campus ‚Äòkampungs‚Äô, to encourage the kampung (village) spirit of good neighbours and collaboration.

Having the campus here is a step in our #SmartNation journey. Tech is disruptive, and we expect to be disrupted. But with partners like Google, Singapore will come up on the right side of the disruption. 

Check out my tour of the Google campus here: https://youtu.be/zBAwn8G4bkk

‚Äì LHL",416,8210,85,1260752313987472_1261082803954423,2016-11-11 00:51:57,,Anjalai Naidu (1801612930121824),0
125845680811480_1260752800654090,photo,https://www.facebook.com/leehsienloong/photos/a.1260752313987472.1073742374.125845680811480/1260752800654090/?type=3,Launch of Google APAC office,2016-11-10 21:28:08,"Google's APAC office in Singapore has grown from 24 employees in 2007 ‚Äì just like a startup ‚Äì to 1,000 today! Glad to launch their beautiful new Asia Pacific headquarters here this morning.

Being in Singapore, Google named the areas around their campus ‚Äòkampungs‚Äô, to encourage the kampung (village) spirit of good neighbours and collaboration.

Having the campus here is a step in our #SmartNation journey. Tech is disruptive, and we expect to be disrupted. But with partners like Google, Singapore will come up on the right side of the disruption. 

Check out my tour of the Google campus here: https://youtu.be/zBAwn8G4bkk

‚Äì LHL",416,8210,85,1260752313987472_1261017683960935,2016-11-10 23:25:12,I love Google!Cheers:),Steven Tan (1817909428490310),0
125845680811480_1260752800654090,photo,https://www.facebook.com/leehsienloong/photos/a.1260752313987472.1073742374.125845680811480/1260752800654090/?type=3,Launch of Google APAC office,2016-11-10 21:28:08,"Google's APAC office in Singapore has grown from 24 employees in 2007 ‚Äì just like a startup ‚Äì to 1,000 today! Glad to launch their beautiful new Asia Pacific headquarters here this morning.

Being in Singapore, Google named the areas around their campus ‚Äòkampungs‚Äô, to encourage the kampung (village) spirit of good neighbours and collaboration.

Having the campus here is a step in our #SmartNation journey. Tech is disruptive, and we expect to be disrupted. But with partners like Google, Singapore will come up on the right side of the disruption. 

Check out my tour of the Google campus here: https://youtu.be/zBAwn8G4bkk

‚Äì LHL",416,8210,85,1260752313987472_1260771850652185,2016-11-10 21:47:04,Congrats Mr President,Qu√¢n ƒê·ªó (1124779940971394),0
125845680811480_1260752800654090,photo,https://www.facebook.com/leehsienloong/photos/a.1260752313987472.1073742374.125845680811480/1260752800654090/?type=3,Launch of Google APAC office,2016-11-10 21:28:08,"Google's APAC office in Singapore has grown from 24 employees in 2007 ‚Äì just like a startup ‚Äì to 1,000 today! Glad to launch their beautiful new Asia Pacific headquarters here this morning.

Being in Singapore, Google named the areas around their campus ‚Äòkampungs‚Äô, to encourage the kampung (village) spirit of good neighbours and collaboration.

Having the campus here is a step in our #SmartNation journey. Tech is disruptive, and we expect to be disrupted. But with partners like Google, Singapore will come up on the right side of the disruption. 

Check out my tour of the Google campus here: https://youtu.be/zBAwn8G4bkk

‚Äì LHL",416,8210,85,1260752313987472_1261176937278343,2016-11-11 03:04:44,Great!,Sethu Ramalingam (1196172890471034),0
125845680811480_1260752800654090,photo,https://www.facebook.com/leehsienloong/photos/a.1260752313987472.1073742374.125845680811480/1260752800654090/?type=3,Launch of Google APAC office,2016-11-10 21:28:08,"Google's APAC office in Singapore has grown from 24 employees in 2007 ‚Äì just like a startup ‚Äì to 1,000 today! Glad to launch their beautiful new Asia Pacific headquarters here this morning.

Being in Singapore, Google named the areas around their campus ‚Äòkampungs‚Äô, to encourage the kampung (village) spirit of good neighbours and collaboration.

Having the campus here is a step in our #SmartNation journey. Tech is disruptive, and we expect to be disrupted. But with partners like Google, Singapore will come up on the right side of the disruption. 

Check out my tour of the Google campus here: https://youtu.be/zBAwn8G4bkk

‚Äì LHL",416,8210,85,1260752313987472_1261382247257812,2016-11-11 07:40:08,Congrats!,Berna Esendemir Sekhon (10154325871903369),0
125845680811480_1260752800654090,photo,https://www.facebook.com/leehsienloong/photos/a.1260752313987472.1073742374.125845680811480/1260752800654090/?type=3,Launch of Google APAC office,2016-11-10 21:28:08,"Google's APAC office in Singapore has grown from 24 employees in 2007 ‚Äì just like a startup ‚Äì to 1,000 today! Glad to launch their beautiful new Asia Pacific headquarters here this morning.

Being in Singapore, Google named the areas around their campus ‚Äòkampungs‚Äô, to encourage the kampung (village) spirit of good neighbours and collaboration.

Having the campus here is a step in our #SmartNation journey. Tech is disruptive, and we expect to be disrupted. But with partners like Google, Singapore will come up on the right side of the disruption. 

Check out my tour of the Google campus here: https://youtu.be/zBAwn8G4bkk

‚Äì LHL",416,8210,85,1260752313987472_1261124137283623,2016-11-11 01:52:53,,Tiravan Vanichnam (10155062573958488),0
125845680811480_1260752800654090,photo,https://www.facebook.com/leehsienloong/photos/a.1260752313987472.1073742374.125845680811480/1260752800654090/?type=3,Launch of Google APAC office,2016-11-10 21:28:08,"Google's APAC office in Singapore has grown from 24 employees in 2007 ‚Äì just like a startup ‚Äì to 1,000 today! Glad to launch their beautiful new Asia Pacific headquarters here this morning.

Being in Singapore, Google named the areas around their campus ‚Äòkampungs‚Äô, to encourage the kampung (village) spirit of good neighbours and collaboration.

Having the campus here is a step in our #SmartNation journey. Tech is disruptive, and we expect to be disrupted. But with partners like Google, Singapore will come up on the right side of the disruption. 

Check out my tour of the Google campus here: https://youtu.be/zBAwn8G4bkk

‚Äì LHL",416,8210,85,1260752313987472_1260761537319883,2016-11-10 21:34:10,Fascinating,Ajay Verma (10205488471091412),0
125845680811480_1260752800654090,photo,https://www.facebook.com/leehsienloong/photos/a.1260752313987472.1073742374.125845680811480/1260752800654090/?type=3,Launch of Google APAC office,2016-11-10 21:28:08,"Google's APAC office in Singapore has grown from 24 employees in 2007 ‚Äì just like a startup ‚Äì to 1,000 today! Glad to launch their beautiful new Asia Pacific headquarters here this morning.

Being in Singapore, Google named the areas around their campus ‚Äòkampungs‚Äô, to encourage the kampung (village) spirit of good neighbours and collaboration.

Having the campus here is a step in our #SmartNation journey. Tech is disruptive, and we expect to be disrupted. But with partners like Google, Singapore will come up on the right side of the disruption. 

Check out my tour of the Google campus here: https://youtu.be/zBAwn8G4bkk

‚Äì LHL",416,8210,85,1260752313987472_1260818070647563,2016-11-10 22:12:55,,Betania Sitanggang (339487413090731),0
125845680811480_1260752800654090,photo,https://www.facebook.com/leehsienloong/photos/a.1260752313987472.1073742374.125845680811480/1260752800654090/?type=3,Launch of Google APAC office,2016-11-10 21:28:08,"Google's APAC office in Singapore has grown from 24 employees in 2007 ‚Äì just like a startup ‚Äì to 1,000 today! Glad to launch their beautiful new Asia Pacific headquarters here this morning.

Being in Singapore, Google named the areas around their campus ‚Äòkampungs‚Äô, to encourage the kampung (village) spirit of good neighbours and collaboration.

Having the campus here is a step in our #SmartNation journey. Tech is disruptive, and we expect to be disrupted. But with partners like Google, Singapore will come up on the right side of the disruption. 

Check out my tour of the Google campus here: https://youtu.be/zBAwn8G4bkk

‚Äì LHL",416,8210,85,1260752313987472_1260829773979726,2016-11-10 22:17:21,Wow! üëèüëèüëåüëåüí™üí™üí™,Roman Ahmmed Rohan (10202408411008283),0
125845680811480_1260752800654090,photo,https://www.facebook.com/leehsienloong/photos/a.1260752313987472.1073742374.125845680811480/1260752800654090/?type=3,Launch of Google APAC office,2016-11-10 21:28:08,"Google's APAC office in Singapore has grown from 24 employees in 2007 ‚Äì just like a startup ‚Äì to 1,000 today! Glad to launch their beautiful new Asia Pacific headquarters here this morning.

Being in Singapore, Google named the areas around their campus ‚Äòkampungs‚Äô, to encourage the kampung (village) spirit of good neighbours and collaboration.

Having the campus here is a step in our #SmartNation journey. Tech is disruptive, and we expect to be disrupted. But with partners like Google, Singapore will come up on the right side of the disruption. 

Check out my tour of the Google campus here: https://youtu.be/zBAwn8G4bkk

‚Äì LHL",416,8210,85,1260752313987472_1261510053911698,2016-11-11 09:59:53,,ÊòéÂçé (245724762509021),0
125845680811480_1260752800654090,photo,https://www.facebook.com/leehsienloong/photos/a.1260752313987472.1073742374.125845680811480/1260752800654090/?type=3,Launch of Google APAC office,2016-11-10 21:28:08,"Google's APAC office in Singapore has grown from 24 employees in 2007 ‚Äì just like a startup ‚Äì to 1,000 today! Glad to launch their beautiful new Asia Pacific headquarters here this morning.

Being in Singapore, Google named the areas around their campus ‚Äòkampungs‚Äô, to encourage the kampung (village) spirit of good neighbours and collaboration.

Having the campus here is a step in our #SmartNation journey. Tech is disruptive, and we expect to be disrupted. But with partners like Google, Singapore will come up on the right side of the disruption. 

Check out my tour of the Google campus here: https://youtu.be/zBAwn8G4bkk

‚Äì LHL",416,8210,85,1260752313987472_1260770543985649,2016-11-10 21:44:48,,Lee Jasmine (1305974462767670),0
125845680811480_1260752800654090,photo,https://www.facebook.com/leehsienloong/photos/a.1260752313987472.1073742374.125845680811480/1260752800654090/?type=3,Launch of Google APAC office,2016-11-10 21:28:08,"Google's APAC office in Singapore has grown from 24 employees in 2007 ‚Äì just like a startup ‚Äì to 1,000 today! Glad to launch their beautiful new Asia Pacific headquarters here this morning.

Being in Singapore, Google named the areas around their campus ‚Äòkampungs‚Äô, to encourage the kampung (village) spirit of good neighbours and collaboration.

Having the campus here is a step in our #SmartNation journey. Tech is disruptive, and we expect to be disrupted. But with partners like Google, Singapore will come up on the right side of the disruption. 

Check out my tour of the Google campus here: https://youtu.be/zBAwn8G4bkk

‚Äì LHL",416,8210,85,1260752313987472_1260765020652868,2016-11-10 21:39:33,üòÉüòÉüòÉüòÉüëèüëèüëèüëèüëçüëçüëçüëçüëç,Jimmy Boey (10154590251986590),0
125845680811480_1260752800654090,photo,https://www.facebook.com/leehsienloong/photos/a.1260752313987472.1073742374.125845680811480/1260752800654090/?type=3,Launch of Google APAC office,2016-11-10 21:28:08,"Google's APAC office in Singapore has grown from 24 employees in 2007 ‚Äì just like a startup ‚Äì to 1,000 today! Glad to launch their beautiful new Asia Pacific headquarters here this morning.

Being in Singapore, Google named the areas around their campus ‚Äòkampungs‚Äô, to encourage the kampung (village) spirit of good neighbours and collaboration.

Having the campus here is a step in our #SmartNation journey. Tech is disruptive, and we expect to be disrupted. But with partners like Google, Singapore will come up on the right side of the disruption. 

Check out my tour of the Google campus here: https://youtu.be/zBAwn8G4bkk

‚Äì LHL",416,8210,85,1260752313987472_1260908163971887,2016-11-10 22:38:17,its compliment by the way. Up and Success Google!,Saufian Aziz (350831045269411),0
125845680811480_1260752800654090,photo,https://www.facebook.com/leehsienloong/photos/a.1260752313987472.1073742374.125845680811480/1260752800654090/?type=3,Launch of Google APAC office,2016-11-10 21:28:08,"Google's APAC office in Singapore has grown from 24 employees in 2007 ‚Äì just like a startup ‚Äì to 1,000 today! Glad to launch their beautiful new Asia Pacific headquarters here this morning.

Being in Singapore, Google named the areas around their campus ‚Äòkampungs‚Äô, to encourage the kampung (village) spirit of good neighbours and collaboration.

Having the campus here is a step in our #SmartNation journey. Tech is disruptive, and we expect to be disrupted. But with partners like Google, Singapore will come up on the right side of the disruption. 

Check out my tour of the Google campus here: https://youtu.be/zBAwn8G4bkk

‚Äì LHL",416,8210,85,1260752313987472_1260831680646202,2016-11-10 22:18:11,I hope Google (Alphabet) will not allow video ad in Gmail. üòÖ,Ong Yong Peng (1128661320558569),0
125845680811480_1260752800654090,photo,https://www.facebook.com/leehsienloong/photos/a.1260752313987472.1073742374.125845680811480/1260752800654090/?type=3,Launch of Google APAC office,2016-11-10 21:28:08,"Google's APAC office in Singapore has grown from 24 employees in 2007 ‚Äì just like a startup ‚Äì to 1,000 today! Glad to launch their beautiful new Asia Pacific headquarters here this morning.

Being in Singapore, Google named the areas around their campus ‚Äòkampungs‚Äô, to encourage the kampung (village) spirit of good neighbours and collaboration.

Having the campus here is a step in our #SmartNation journey. Tech is disruptive, and we expect to be disrupted. But with partners like Google, Singapore will come up on the right side of the disruption. 

Check out my tour of the Google campus here: https://youtu.be/zBAwn8G4bkk

‚Äì LHL",416,8210,85,1260752313987472_1260782750651095,2016-11-10 21:56:52,"Thank you, sir.",Steven Chew (10205673349393203),0
125845680811480_1260752800654090,photo,https://www.facebook.com/leehsienloong/photos/a.1260752313987472.1073742374.125845680811480/1260752800654090/?type=3,Launch of Google APAC office,2016-11-10 21:28:08,"Google's APAC office in Singapore has grown from 24 employees in 2007 ‚Äì just like a startup ‚Äì to 1,000 today! Glad to launch their beautiful new Asia Pacific headquarters here this morning.

Being in Singapore, Google named the areas around their campus ‚Äòkampungs‚Äô, to encourage the kampung (village) spirit of good neighbours and collaboration.

Having the campus here is a step in our #SmartNation journey. Tech is disruptive, and we expect to be disrupted. But with partners like Google, Singapore will come up on the right side of the disruption. 

Check out my tour of the Google campus here: https://youtu.be/zBAwn8G4bkk

‚Äì LHL",416,8210,85,1260752313987472_1261535667242470,2016-11-11 10:55:10,Great,Jennie Law (1486615278033042),0
125845680811480_1260752800654090,photo,https://www.facebook.com/leehsienloong/photos/a.1260752313987472.1073742374.125845680811480/1260752800654090/?type=3,Launch of Google APAC office,2016-11-10 21:28:08,"Google's APAC office in Singapore has grown from 24 employees in 2007 ‚Äì just like a startup ‚Äì to 1,000 today! Glad to launch their beautiful new Asia Pacific headquarters here this morning.

Being in Singapore, Google named the areas around their campus ‚Äòkampungs‚Äô, to encourage the kampung (village) spirit of good neighbours and collaboration.

Having the campus here is a step in our #SmartNation journey. Tech is disruptive, and we expect to be disrupted. But with partners like Google, Singapore will come up on the right side of the disruption. 

Check out my tour of the Google campus here: https://youtu.be/zBAwn8G4bkk

‚Äì LHL",416,8210,85,1260752313987472_1260827790646591,2016-11-10 22:16:24,,Rosanna Gacutara (202008600246400),0
125845680811480_1260752800654090,photo,https://www.facebook.com/leehsienloong/photos/a.1260752313987472.1073742374.125845680811480/1260752800654090/?type=3,Launch of Google APAC office,2016-11-10 21:28:08,"Google's APAC office in Singapore has grown from 24 employees in 2007 ‚Äì just like a startup ‚Äì to 1,000 today! Glad to launch their beautiful new Asia Pacific headquarters here this morning.

Being in Singapore, Google named the areas around their campus ‚Äòkampungs‚Äô, to encourage the kampung (village) spirit of good neighbours and collaboration.

Having the campus here is a step in our #SmartNation journey. Tech is disruptive, and we expect to be disrupted. But with partners like Google, Singapore will come up on the right side of the disruption. 

Check out my tour of the Google campus here: https://youtu.be/zBAwn8G4bkk

‚Äì LHL",416,8210,85,1260752313987472_1260836323979071,2016-11-10 22:20:04,üíêüíêüíêüá∏üá¨üá∏üá¨üá∏üá¨üíêüíê,Natarajan Senthil (576144619241254),0
125845680811480_1260752800654090,photo,https://www.facebook.com/leehsienloong/photos/a.1260752313987472.1073742374.125845680811480/1260752800654090/?type=3,Launch of Google APAC office,2016-11-10 21:28:08,"Google's APAC office in Singapore has grown from 24 employees in 2007 ‚Äì just like a startup ‚Äì to 1,000 today! Glad to launch their beautiful new Asia Pacific headquarters here this morning.

Being in Singapore, Google named the areas around their campus ‚Äòkampungs‚Äô, to encourage the kampung (village) spirit of good neighbours and collaboration.

Having the campus here is a step in our #SmartNation journey. Tech is disruptive, and we expect to be disrupted. But with partners like Google, Singapore will come up on the right side of the disruption. 

Check out my tour of the Google campus here: https://youtu.be/zBAwn8G4bkk

‚Äì LHL",416,8210,85,1260752313987472_1261476310581739,2016-11-11 08:58:15,", The proud momentüòÉ",Sharma Pankaj (148714388934331),0
125845680811480_1260752800654090,photo,https://www.facebook.com/leehsienloong/photos/a.1260752313987472.1073742374.125845680811480/1260752800654090/?type=3,Launch of Google APAC office,2016-11-10 21:28:08,"Google's APAC office in Singapore has grown from 24 employees in 2007 ‚Äì just like a startup ‚Äì to 1,000 today! Glad to launch their beautiful new Asia Pacific headquarters here this morning.

Being in Singapore, Google named the areas around their campus ‚Äòkampungs‚Äô, to encourage the kampung (village) spirit of good neighbours and collaboration.

Having the campus here is a step in our #SmartNation journey. Tech is disruptive, and we expect to be disrupted. But with partners like Google, Singapore will come up on the right side of the disruption. 

Check out my tour of the Google campus here: https://youtu.be/zBAwn8G4bkk

‚Äì LHL",416,8210,85,1260752313987472_1261397080589662,2016-11-11 07:47:00,Impressive,Chen Tenghua (10207607735847653),0
125845680811480_1260752800654090,photo,https://www.facebook.com/leehsienloong/photos/a.1260752313987472.1073742374.125845680811480/1260752800654090/?type=3,Launch of Google APAC office,2016-11-10 21:28:08,"Google's APAC office in Singapore has grown from 24 employees in 2007 ‚Äì just like a startup ‚Äì to 1,000 today! Glad to launch their beautiful new Asia Pacific headquarters here this morning.

Being in Singapore, Google named the areas around their campus ‚Äòkampungs‚Äô, to encourage the kampung (village) spirit of good neighbours and collaboration.

Having the campus here is a step in our #SmartNation journey. Tech is disruptive, and we expect to be disrupted. But with partners like Google, Singapore will come up on the right side of the disruption. 

Check out my tour of the Google campus here: https://youtu.be/zBAwn8G4bkk

‚Äì LHL",416,8210,85,1260752313987472_1260781010651269,2016-11-10 21:55:40,üéâ,Miki Sam (1168725533211753),0
125845680811480_1260752800654090,photo,https://www.facebook.com/leehsienloong/photos/a.1260752313987472.1073742374.125845680811480/1260752800654090/?type=3,Launch of Google APAC office,2016-11-10 21:28:08,"Google's APAC office in Singapore has grown from 24 employees in 2007 ‚Äì just like a startup ‚Äì to 1,000 today! Glad to launch their beautiful new Asia Pacific headquarters here this morning.

Being in Singapore, Google named the areas around their campus ‚Äòkampungs‚Äô, to encourage the kampung (village) spirit of good neighbours and collaboration.

Having the campus here is a step in our #SmartNation journey. Tech is disruptive, and we expect to be disrupted. But with partners like Google, Singapore will come up on the right side of the disruption. 

Check out my tour of the Google campus here: https://youtu.be/zBAwn8G4bkk

‚Äì LHL",416,8210,85,1260752313987472_1260762397319797,2016-11-10 21:35:30,Thank you for sharing Sir!,Wilson Yeow (363957773948739),0
125845680811480_1260752800654090,photo,https://www.facebook.com/leehsienloong/photos/a.1260752313987472.1073742374.125845680811480/1260752800654090/?type=3,Launch of Google APAC office,2016-11-10 21:28:08,"Google's APAC office in Singapore has grown from 24 employees in 2007 ‚Äì just like a startup ‚Äì to 1,000 today! Glad to launch their beautiful new Asia Pacific headquarters here this morning.

Being in Singapore, Google named the areas around their campus ‚Äòkampungs‚Äô, to encourage the kampung (village) spirit of good neighbours and collaboration.

Having the campus here is a step in our #SmartNation journey. Tech is disruptive, and we expect to be disrupted. But with partners like Google, Singapore will come up on the right side of the disruption. 

Check out my tour of the Google campus here: https://youtu.be/zBAwn8G4bkk

‚Äì LHL",416,8210,85,1260752313987472_1261079033954800,2016-11-11 00:44:47,Awesome,Tushar Bhalla (359716194377329),0
125845680811480_1260752800654090,photo,https://www.facebook.com/leehsienloong/photos/a.1260752313987472.1073742374.125845680811480/1260752800654090/?type=3,Launch of Google APAC office,2016-11-10 21:28:08,"Google's APAC office in Singapore has grown from 24 employees in 2007 ‚Äì just like a startup ‚Äì to 1,000 today! Glad to launch their beautiful new Asia Pacific headquarters here this morning.

Being in Singapore, Google named the areas around their campus ‚Äòkampungs‚Äô, to encourage the kampung (village) spirit of good neighbours and collaboration.

Having the campus here is a step in our #SmartNation journey. Tech is disruptive, and we expect to be disrupted. But with partners like Google, Singapore will come up on the right side of the disruption. 

Check out my tour of the Google campus here: https://youtu.be/zBAwn8G4bkk

‚Äì LHL",416,8210,85,1260752313987472_1261476603915043,2016-11-11 08:58:46,Chan Nyein Aung try to get there man....üòÉüòÉ,Parkar Smith (967123173392971),0
125845680811480_1260752800654090,photo,https://www.facebook.com/leehsienloong/photos/a.1260752313987472.1073742374.125845680811480/1260752800654090/?type=3,Launch of Google APAC office,2016-11-10 21:28:08,"Google's APAC office in Singapore has grown from 24 employees in 2007 ‚Äì just like a startup ‚Äì to 1,000 today! Glad to launch their beautiful new Asia Pacific headquarters here this morning.

Being in Singapore, Google named the areas around their campus ‚Äòkampungs‚Äô, to encourage the kampung (village) spirit of good neighbours and collaboration.

Having the campus here is a step in our #SmartNation journey. Tech is disruptive, and we expect to be disrupted. But with partners like Google, Singapore will come up on the right side of the disruption. 

Check out my tour of the Google campus here: https://youtu.be/zBAwn8G4bkk

‚Äì LHL",416,8210,85,1260752313987472_1260783927317644,2016-11-10 21:57:38,nice and good a lovelynights / god bless,Rosanna Gacutara (202008600246400),0
125845680811480_1260752800654090,photo,https://www.facebook.com/leehsienloong/photos/a.1260752313987472.1073742374.125845680811480/1260752800654090/?type=3,Launch of Google APAC office,2016-11-10 21:28:08,"Google's APAC office in Singapore has grown from 24 employees in 2007 ‚Äì just like a startup ‚Äì to 1,000 today! Glad to launch their beautiful new Asia Pacific headquarters here this morning.

Being in Singapore, Google named the areas around their campus ‚Äòkampungs‚Äô, to encourage the kampung (village) spirit of good neighbours and collaboration.

Having the campus here is a step in our #SmartNation journey. Tech is disruptive, and we expect to be disrupted. But with partners like Google, Singapore will come up on the right side of the disruption. 

Check out my tour of the Google campus here: https://youtu.be/zBAwn8G4bkk

‚Äì LHL",416,8210,85,1260752313987472_1261464513916252,2016-11-11 08:32:54,Google is my best friend‚ô•Ô∏è,Sab Sabri Sabrina (10210915103983420),0
125845680811480_1260752800654090,photo,https://www.facebook.com/leehsienloong/photos/a.1260752313987472.1073742374.125845680811480/1260752800654090/?type=3,Launch of Google APAC office,2016-11-10 21:28:08,"Google's APAC office in Singapore has grown from 24 employees in 2007 ‚Äì just like a startup ‚Äì to 1,000 today! Glad to launch their beautiful new Asia Pacific headquarters here this morning.

Being in Singapore, Google named the areas around their campus ‚Äòkampungs‚Äô, to encourage the kampung (village) spirit of good neighbours and collaboration.

Having the campus here is a step in our #SmartNation journey. Tech is disruptive, and we expect to be disrupted. But with partners like Google, Singapore will come up on the right side of the disruption. 

Check out my tour of the Google campus here: https://youtu.be/zBAwn8G4bkk

‚Äì LHL",416,8210,85,1260752313987472_1261296017266435,2016-11-11 05:50:19,"Good üòä Job & Connections, Sir.ü§ìüëç",Ipar Asnah (1270401993021054),0
125845680811480_1260752800654090,photo,https://www.facebook.com/leehsienloong/photos/a.1260752313987472.1073742374.125845680811480/1260752800654090/?type=3,Launch of Google APAC office,2016-11-10 21:28:08,"Google's APAC office in Singapore has grown from 24 employees in 2007 ‚Äì just like a startup ‚Äì to 1,000 today! Glad to launch their beautiful new Asia Pacific headquarters here this morning.

Being in Singapore, Google named the areas around their campus ‚Äòkampungs‚Äô, to encourage the kampung (village) spirit of good neighbours and collaboration.

Having the campus here is a step in our #SmartNation journey. Tech is disruptive, and we expect to be disrupted. But with partners like Google, Singapore will come up on the right side of the disruption. 

Check out my tour of the Google campus here: https://youtu.be/zBAwn8G4bkk

‚Äì LHL",416,8210,85,1260752313987472_1261228573939846,2016-11-11 04:06:24,Kevin Trinh were you in here somewhere?,Adrian Lo (10210886184567816),1
125845680811480_1260752800654090,photo,https://www.facebook.com/leehsienloong/photos/a.1260752313987472.1073742374.125845680811480/1260752800654090/?type=3,Launch of Google APAC office,2016-11-10 21:28:08,"Google's APAC office in Singapore has grown from 24 employees in 2007 ‚Äì just like a startup ‚Äì to 1,000 today! Glad to launch their beautiful new Asia Pacific headquarters here this morning.

Being in Singapore, Google named the areas around their campus ‚Äòkampungs‚Äô, to encourage the kampung (village) spirit of good neighbours and collaboration.

Having the campus here is a step in our #SmartNation journey. Tech is disruptive, and we expect to be disrupted. But with partners like Google, Singapore will come up on the right side of the disruption. 

Check out my tour of the Google campus here: https://youtu.be/zBAwn8G4bkk

‚Äì LHL",416,8210,85,1260752313987472_1260758897320147,2016-11-10 21:30:06,(Y),Al Ghanim Javed (1815010785413035),0
125845680811480_1260752800654090,photo,https://www.facebook.com/leehsienloong/photos/a.1260752313987472.1073742374.125845680811480/1260752800654090/?type=3,Launch of Google APAC office,2016-11-10 21:28:08,"Google's APAC office in Singapore has grown from 24 employees in 2007 ‚Äì just like a startup ‚Äì to 1,000 today! Glad to launch their beautiful new Asia Pacific headquarters here this morning.

Being in Singapore, Google named the areas around their campus ‚Äòkampungs‚Äô, to encourage the kampung (village) spirit of good neighbours and collaboration.

Having the campus here is a step in our #SmartNation journey. Tech is disruptive, and we expect to be disrupted. But with partners like Google, Singapore will come up on the right side of the disruption. 

Check out my tour of the Google campus here: https://youtu.be/zBAwn8G4bkk

‚Äì LHL",416,8210,85,1260752313987472_1260835167312520,2016-11-10 22:19:43,üéâüëç,Natarajan Senthil (576144619241254),0
125845680811480_1260752800654090,photo,https://www.facebook.com/leehsienloong/photos/a.1260752313987472.1073742374.125845680811480/1260752800654090/?type=3,Launch of Google APAC office,2016-11-10 21:28:08,"Google's APAC office in Singapore has grown from 24 employees in 2007 ‚Äì just like a startup ‚Äì to 1,000 today! Glad to launch their beautiful new Asia Pacific headquarters here this morning.

Being in Singapore, Google named the areas around their campus ‚Äòkampungs‚Äô, to encourage the kampung (village) spirit of good neighbours and collaboration.

Having the campus here is a step in our #SmartNation journey. Tech is disruptive, and we expect to be disrupted. But with partners like Google, Singapore will come up on the right side of the disruption. 

Check out my tour of the Google campus here: https://youtu.be/zBAwn8G4bkk

‚Äì LHL",416,8210,85,1260752313987472_1261519877244049,2016-11-11 10:19:28,,Ferdz Jj (1346065748821639),0
125845680811480_1260752800654090,photo,https://www.facebook.com/leehsienloong/photos/a.1260752313987472.1073742374.125845680811480/1260752800654090/?type=3,Launch of Google APAC office,2016-11-10 21:28:08,"Google's APAC office in Singapore has grown from 24 employees in 2007 ‚Äì just like a startup ‚Äì to 1,000 today! Glad to launch their beautiful new Asia Pacific headquarters here this morning.

Being in Singapore, Google named the areas around their campus ‚Äòkampungs‚Äô, to encourage the kampung (village) spirit of good neighbours and collaboration.

Having the campus here is a step in our #SmartNation journey. Tech is disruptive, and we expect to be disrupted. But with partners like Google, Singapore will come up on the right side of the disruption. 

Check out my tour of the Google campus here: https://youtu.be/zBAwn8G4bkk

‚Äì LHL",416,8210,85,1260752313987472_1261026643960039,2016-11-10 23:36:16,Can we have Google fibre soon please? üòÖ,Naisheng Xu (10154635426372412),0
125845680811480_1260752800654090,photo,https://www.facebook.com/leehsienloong/photos/a.1260752313987472.1073742374.125845680811480/1260752800654090/?type=3,Launch of Google APAC office,2016-11-10 21:28:08,"Google's APAC office in Singapore has grown from 24 employees in 2007 ‚Äì just like a startup ‚Äì to 1,000 today! Glad to launch their beautiful new Asia Pacific headquarters here this morning.

Being in Singapore, Google named the areas around their campus ‚Äòkampungs‚Äô, to encourage the kampung (village) spirit of good neighbours and collaboration.

Having the campus here is a step in our #SmartNation journey. Tech is disruptive, and we expect to be disrupted. But with partners like Google, Singapore will come up on the right side of the disruption. 

Check out my tour of the Google campus here: https://youtu.be/zBAwn8G4bkk

‚Äì LHL",416,8210,85,1260752313987472_1261412723921431,2016-11-11 07:56:20,Love,Hazel Banks (145993835873279),0
125845680811480_1260752800654090,photo,https://www.facebook.com/leehsienloong/photos/a.1260752313987472.1073742374.125845680811480/1260752800654090/?type=3,Launch of Google APAC office,2016-11-10 21:28:08,"Google's APAC office in Singapore has grown from 24 employees in 2007 ‚Äì just like a startup ‚Äì to 1,000 today! Glad to launch their beautiful new Asia Pacific headquarters here this morning.

Being in Singapore, Google named the areas around their campus ‚Äòkampungs‚Äô, to encourage the kampung (village) spirit of good neighbours and collaboration.

Having the campus here is a step in our #SmartNation journey. Tech is disruptive, and we expect to be disrupted. But with partners like Google, Singapore will come up on the right side of the disruption. 

Check out my tour of the Google campus here: https://youtu.be/zBAwn8G4bkk

‚Äì LHL",416,8210,85,1260752313987472_1261032870626083,2016-11-10 23:45:07,,Yan Ling Tan (930070420471124),1
